CustomerID,CustomerName,Recency_Value,Frequency_Value,Monetary_Value,R_Score,F_Score,M_Score,RFM_Overall,Segment
SM-20320,Sean Miller,2188,5,25043.05,3,4,1,341,Potential Loyalist
TC-20980,Tamara Chand,2508,5,19052.22,1,4,1,141,Lost customers
RB-19360,Raymond Buch,2205,6,15117.34,3,3,1,331,About To Sleep
TA-21385,Tom Ashbrook,2178,4,14595.62,3,4,1,341,Potential Loyalist
AB-10105,Adrian Barton,2150,10,14473.57,4,1,1,411,New Customers
KL-16645,Ken Lonsdale,2156,12,14175.23,4,1,1,411,New Customers
SC-20095,Sanjit Chand,2458,9,14142.33,1,1,1,111,Lost customers
HL-15040,Hunter Lopez,2152,6,12873.3,4,3,1,431,Potential Loyalist
SE-20110,Sanjit Engle,2118,11,12209.44,5,1,1,511,New Customers
CC-12370,Christopher Conant,2152,5,12129.07,4,4,1,441,Potential Loyalist
TS-21370,Todd Sumrall,2145,6,11891.75,4,3,1,431,Potential Loyalist
GT-14710,Greg Tran,2145,11,11820.12,4,1,1,411,New Customers
BM-11140,Becky Martin,2416,4,11789.63,1,5,1,151,Lost customers
SV-20365,Seth Vernon,2210,10,11470.95,3,1,1,311,New Customers
CJ-12010,Caroline Jumper,2298,8,11164.97,2,2,1,221,About To Sleep
CL-12565,Clay Ludtke,2393,12,10880.55,1,1,1,111,Lost customers
ME-17320,Maria Etezadi,2151,10,10663.73,4,1,1,411,New Customers
KF-16285,Karen Ferguson,2206,7,10604.27,3,3,1,331,About To Sleep
BS-11365,Bill Shonely,2667,5,10501.65,1,4,1,141,Lost customers
EH-13765,Edward Hooks,2244,12,10310.88,2,1,1,211,Hibernating customers
JL-15835,John Lee,2130,11,9799.92,5,1,1,511,New Customers
GT-14635,Grant Thornton,2165,3,9351.21,3,5,1,351,Potential Loyalist
HW-14935,Helen Wasserman,2226,8,9300.25,2,2,1,221,About To Sleep
TB-21400,Tom Boeckenhauer,2311,7,9133.99,2,2,1,221,About To Sleep
PF-19120,Peter Fuller,2944,4,9062.86,1,5,1,151,Lost customers
CM-12385,Christopher Martinez,2146,4,8954.02,4,4,1,441,Potential Loyalist
JD-16150,Justin Deggeller,2150,8,8828.03,4,2,1,421,New Customers
JE-15715,Joe Elijah,2155,10,8697.84,4,1,1,411,New Customers
LA-16780,Laura Armstrong,2263,11,8673.22,2,1,1,211,Hibernating customers
PK-19075,Pete Kriz,2118,12,8646.93,5,1,1,511,New Customers
DR-12940,Daniel Raglin,2159,8,8350.87,4,2,1,421,New Customers
NF-18385,Natalie Fritzler,2188,7,8322.83,3,3,1,331,About To Sleep
KD-16270,Karen Daniels,2593,5,8282.36,1,4,1,141,Lost customers
NC-18535,Nick Crebassa,2115,7,8241.74,5,2,1,521,Promising
HM-14860,Harry Marie,2111,10,8236.76,5,1,1,511,New Customers
KD-16495,Keith Dawkins,2221,12,8181.26,2,1,1,211,Hibernating customers
SB-20290,Sean Braxton,2156,7,8057.89,4,3,1,431,Potential Loyalist
ZC-21910,Zuschuss Carroll,2163,13,8025.71,3,1,1,311,New Customers
JH-15985,Joseph Holt,2138,6,7955,4,3,1,431,Potential Loyalist
NP-18700,Nora Preis,2247,7,7903.18,2,2,1,221,About To Sleep
AH-10690,Anna Haberlin,2519,12,7888.29,1,1,1,111,Lost customers
AB-10060,Adam Bellavance,2163,8,7755.62,3,2,1,321,About To Sleep
JE-15610,Jim Epp,2157,7,7754.98,4,3,1,431,Potential Loyalist
JW-15220,Jane Waco,2151,6,7721.71,4,3,1,431,Potential Loyalist
LC-16885,Lena Creighton,2125,12,7663.13,5,1,1,511,New Customers
JM-15865,John Murray,2218,7,7625.08,2,2,1,221,About To Sleep
JD-15895,Jonathan Doherty,2503,11,7610.86,1,1,1,111,Lost customers
PO-18850,Patrick O'Brill,2113,11,7473.83,5,1,1,511,New Customers
MS-17365,Maribeth Schnelling,2382,10,7443.69,1,1,1,111,Lost customers
RW-19540,Rick Wilson,2229,7,7397.4,2,2,1,221,About To Sleep
BM-11650,Brian Moss,2142,11,7294.18,4,1,1,411,New Customers
PP-18955,Paul Prost,2206,10,7252.61,3,1,1,311,New Customers
NW-18400,Natalie Webber,2281,7,7234.01,2,2,1,221,About To Sleep
Dp-13240,Dean percer,2193,11,7198.76,3,1,1,311,New Customers
FH-14365,Fred Hopkins,2114,8,6987.2,5,2,1,521,Promising
RH-19510,Rick Huthwaite,2576,6,6979.18,1,3,1,131,Lost customers
PS-19045,Penelope Sewall,2345,7,6843.63,1,2,1,121,Lost customers
BB-11545,Brenda Bowman,2137,9,6765.73,4,1,1,411,New Customers
JE-15745,Joel Eaton,2160,13,6760.81,4,1,1,411,New Customers
YS-21880,Yana Sorensen,2118,8,6720.44,5,2,1,521,Promising
AR-10540,Andy Reiter,2115,6,6608.45,5,3,1,531,Potential Loyalist
DR-12880,Dan Reichenbach,2112,9,6528.03,5,1,1,511,New Customers
GK-14620,Grace Kelly,2221,9,6497.27,2,1,1,211,Hibernating customers
JA-15970,Joseph Airdo,2201,8,6491.03,3,2,1,321,About To Sleep
NM-18445,Nathan Mautz,2269,7,6459.34,2,2,1,221,About To Sleep
VD-21670,Valerie Dominguez,2690,6,6442.25,1,3,1,131,Lost customers
SB-20185,Sarah Brown,2297,6,6411,2,3,1,231,About To Sleep
SB-20185,Sarah Brown,2297,6,6411,2,3,1,231,Hibernating customers
JG-15160,James Galang,2110,11,6366.39,5,1,1,511,New Customers
DM-13015,Darrin Martin,2166,7,6345.1,3,3,1,331,About To Sleep
CM-12655,Corinna Mitchell,2136,6,6339.56,4,3,1,431,Potential Loyalist
MJ-17740,Max Jones,2131,7,6320.75,5,2,1,521,Promising
BH-11710,Brosina Hoffman,2132,8,6255.35,5,2,1,521,Promising
RL-19615,Rob Lucas,2230,8,6234.91,2,2,1,221,About To Sleep
WB-21850,William Brown,2129,11,6160.1,5,1,1,511,New Customers
VW-21775,Victoria Wilson,2137,10,6134.04,4,1,1,411,New Customers
SD-20485,Shirley Daniels,2309,9,6121.11,2,1,1,211,Hibernating customers
QJ-19255,Quincy Jones,2134,9,6108.34,5,1,1,511,New Customers
AD-10180,Alan Dominguez,2138,8,6106.88,4,2,1,421,New Customers
CB-12025,Cassandra Brandow,2156,10,6076.14,4,1,1,411,New Customers
GM-14695,Greg Maxwell,2226,3,6049.97,2,5,1,251,About To Sleep
GM-14695,Greg Maxwell,2226,3,6049.97,2,5,1,251,Hibernating customers
SC-20380,Shahid Collister,2139,9,5992.54,4,1,1,411,New Customers
KH-16690,Kristen Hastings,2111,7,5990.8,5,2,1,521,Promising
RM-19675,Robert Marley,2115,5,5979.1,5,3,1,531,Potential Loyalist
KH-16510,Keith Herrera,2131,7,5952.86,5,2,1,521,Promising
BF-11170,Ben Ferrer,2125,11,5907.97,5,1,1,511,New Customers
CP-12340,Christine Phan,2269,8,5888.27,2,2,1,221,About To Sleep
BD-11320,Bill Donatelli,2142,12,5718.52,4,1,1,411,New Customers
CS-12505,Cindy Stewart,2167,6,5690.05,3,3,1,331,About To Sleep
AM-10705,Anne McFarland,2271,8,5664.02,2,2,1,221,About To Sleep
RB-19795,Ross Baird,2141,8,5633.32,4,2,1,421,New Customers
KM-16375,Katherine Murray,2165,8,5620.19,3,2,1,321,About To Sleep
AA-10315,Alex Avila,2293,5,5563.56,2,4,1,241,About To Sleep
AA-10315,Alex Avila,2293,5,5563.56,2,4,1,241,Hibernating customers
SM-20950,Suzanne McNair,2134,12,5563.39,5,1,1,511,New Customers
NP-18325,Naresj Patel,2134,6,5529.62,5,3,1,531,Potential Loyalist
AC-10450,Amy Cox,2120,7,5527.85,5,2,1,521,Promising
MH-18115,Mick Hernandez,2114,9,5503.09,5,1,1,511,New Customers
DP-13390,Dennis Pardue,2467,9,5480.72,1,1,1,111,Lost customers
EP-13915,Emily Phan,2121,17,5478.06,5,1,1,511,New Customers
YC-21895,Yoseph Carroll,2113,5,5454.35,5,3,1,531,Potential Loyalist
SP-20620,Stefania Perrino,2156,9,5440.32,4,1,1,411,New Customers
LW-17215,Luke Weiss,2130,7,5420.51,5,2,1,521,Promising
CP-12085,Cathy Prescott,2191,8,5402.25,3,2,1,321,About To Sleep
TS-21205,Thomas Seio,2307,7,5371.09,2,2,1,221,About To Sleep
TT-21460,Tonja Turnell,2121,7,5364.81,5,2,1,521,Promising
MW-18220,Mitch Webber,2126,7,5341.9,5,2,1,521,Promising
TP-21415,Tom Prescott,2213,5,5329,2,4,1,241,About To Sleep
TP-21415,Tom Prescott,2213,5,5329,2,4,1,241,Hibernating customers
TW-21025,Tamara Willingham,2173,7,5278.83,3,3,1,331,About To Sleep
DW-13480,Dianna Wilson,2326,5,5271.63,2,4,1,241,About To Sleep
DW-13480,Dianna Wilson,2326,5,5271.63,2,4,1,241,Hibernating customers
MW-18235,Mitch Willingham,2153,2,5253.88,4,5,1,451,Potential Loyalist
HR-14830,Harold Ryan,2268,7,5248.79,2,2,1,221,About To Sleep
SC-20725,Steven Cartwright,2296,11,5226.21,2,1,1,211,Hibernating customers
RP-19390,Resi Polking,2142,12,5153.08,4,1,1,411,New Customers
LR-16915,Lena Radford,2135,6,5142.89,4,3,1,431,Potential Loyalist
MP-18175,Mike Pelletier,2125,9,5087.92,5,1,1,511,New Customers
AA-10645,Anna Andreadi,2164,6,5086.94,3,3,1,331,About To Sleep
IL-15100,Ivan Liston,2251,7,5040.74,2,2,1,221,About To Sleep
KL-16555,Kelly Lampkin,2125,8,5016.49,5,2,1,521,Promising
LB-16795,Laurel Beltran,2261,8,4985.68,2,2,1,221,About To Sleep
DH-13075,Dave Hallsten,2386,6,4932.87,1,3,1,131,Lost customers
IM-15070,Irene Maddox,2499,7,4930.47,1,2,1,121,Lost customers
TT-21070,Ted Trevino,2140,7,4915.6,4,2,1,421,New Customers
KM-16720,Kunst Miller,2137,8,4909.47,4,2,1,421,New Customers
PO-19180,Philisse Overcash,2269,9,4893.04,2,1,1,211,Hibernating customers
HK-14890,Heather Kirkland,2260,8,4877.78,2,2,1,221,About To Sleep
AJ-10780,Anthony Jacobs,2184,7,4867.34,3,3,1,331,About To Sleep
JK-15730,Joe Kamberova,2193,10,4867.2,3,1,1,311,New Customers
AH-10210,Alan Hwang,2115,9,4805.34,5,1,1,511,New Customers
DK-13225,Dean Katz,2119,9,4802.39,5,1,1,511,New Customers
RA-19915,Russell Applegate,2121,9,4793.54,5,1,1,511,New Customers
SA-20830,Sue Ann Reed,2172,10,4767.34,3,1,1,311,New Customers
JK-15640,Jim Kriz,2289,9,4760.43,2,1,1,211,Hibernating customers
BW-11110,Bart Watters,2230,8,4750.36,2,2,1,221,About To Sleep
TB-21520,Tracy Blumstein,2216,9,4737.49,2,1,1,211,Hibernating customers
GB-14575,Giulietta Baptist,2122,5,4716.29,5,4,1,541,Potential Loyalist
RB-19465,Rick Bensley,2118,12,4715.47,5,1,1,511,New Customers
ES-14080,Erin Smith,2137,9,4657.92,4,1,1,411,New Customers
DB-13270,Deborah Brumfield,2162,8,4655.9,3,2,1,321,About To Sleep
KT-16480,Kean Thornton,2209,10,4642.09,3,1,1,311,New Customers
SC-20050,Sample Company A,2149,9,4624.57,4,1,1,411,New Customers
EM-14140,Eugene Moren,2157,6,4588.44,4,3,1,431,Potential Loyalist
DB-13060,Dave Brooks,2125,7,4531.65,5,2,1,521,Promising
AR-10825,Anthony Rawles,2167,8,4523.34,3,2,1,321,About To Sleep
AG-10900,Arthur Gainer,2205,10,4510.8,3,1,1,311,New Customers
AJ-10795,Anthony Johnson,2275,7,4501.39,2,2,1,221,About To Sleep
LC-16930,Linda Cazamias,2150,8,4492.95,4,2,1,421,New Customers
SC-20770,Stewart Carmichael,2150,7,4492.66,4,3,1,431,Potential Loyalist
TP-21130,Theone Pippenger,2117,9,4454.06,5,1,1,511,New Customers
MC-17425,Mark Cousins,2508,5,4432.14,1,4,1,141,Lost customers
JK-15205,Jamie Kunitz,2170,5,4427.14,3,4,1,341,Potential Loyalist
KW-16435,Katrina Willman,2205,5,4416.52,3,4,1,341,Potential Loyalist
BD-11500,Bradley Drucker,2144,6,4411.24,4,3,1,431,Potential Loyalist
AI-10855,Arianne Irving,2122,10,4375.79,5,1,1,511,New Customers
SC-20230,Scot Coram,2258,4,4371.96,2,5,1,251,About To Sleep
SC-20230,Scot Coram,2258,4,4371.96,2,5,1,251,Hibernating customers
EB-13840,Ellis Ballard,2199,5,4358.13,3,4,1,341,Potential Loyalist
GZ-14470,Gary Zandusky,2116,9,4355.15,5,1,1,511,New Customers
SR-20740,Steven Roelle,2305,8,4345.89,2,2,1,221,About To Sleep
ND-18370,Natalie DeCherney,2136,9,4326.14,4,1,1,411,New Customers
MA-17560,Matt Abelman,2173,11,4299.16,3,1,1,311,New Customers
SP-20860,Sung Pak,2188,10,4282.94,3,1,1,311,New Customers
DK-12895,Dana Kaydos,2154,5,4282.18,4,4,2,442,Potential Loyalist
RD-19480,Rick Duston,2181,8,4272.93,3,2,2,322,Hibernating customers
TC-21295,Toby Carlisle,2136,8,4266.81,4,2,2,422,New Customers
AS-10225,Alan Schoenberger,2131,5,4260.78,5,4,2,542,Potential Loyalist
FH-14275,Frank Hawley,2146,10,4256.27,4,1,2,412,New Customers
CB-12535,Claudia Bergmann,2306,8,4246.46,2,2,2,222,Hibernating customers
TH-21550,Tracy Hopkins,2181,7,4234.1,3,3,2,332,Hibernating customers
BE-11335,Bill Eplett,2228,5,4204.68,2,4,2,242,At Risk
JF-15565,Jill Fjeld,2163,8,4198.33,3,2,2,322,Hibernating customers
GH-14425,Gary Hwang,2159,4,4172.85,4,4,2,442,Potential Loyalist
RS-19765,Roland Schwarz,2145,8,4159.77,4,2,2,422,New Customers
MY-18295,Muhammed Yedwab,2180,11,4152.7,3,1,2,312,About To Sleep
PM-19135,Peter McVee,2160,4,4115.66,4,4,2,442,Potential Loyalist
SV-20785,Stewart Visinsky,2429,9,4105.31,1,1,2,112,Lost customers
DM-13345,Denise Monton,2131,8,4074.47,5,2,2,522,Promising
FP-14320,Frank Preis,2132,8,4046.75,5,2,2,522,Promising
SP-20920,Susan Pistek,2179,6,3990.69,3,3,2,332,Hibernating customers
CM-12715,Craig Molinari,3144,4,3984.45,1,5,2,152,At Risk
MP-17965,Michael Paige,2181,9,3983.64,3,1,2,312,About To Sleep
SC-20305,Sean Christensen,2138,7,3979.06,4,2,2,422,New Customers
SJ-20125,Sanjit Jacobs,2204,12,3949.66,3,1,2,312,About To Sleep
LF-17185,Luke Foster,2131,7,3930.51,5,2,2,522,Promising
PW-19240,Pierre Wener,2573,7,3922.41,1,2,2,122,Hibernating customers
GA-14515,George Ashbrook,2258,8,3919.78,2,2,2,222,Hibernating customers
KH-16630,Ken Heidel,2167,9,3918.97,3,1,2,312,About To Sleep
CC-12220,Chris Cortes,2129,12,3913.42,5,1,2,512,New Customers
DB-13555,Dorothy Badders,2216,7,3908.8,2,2,2,222,Hibernating customers
NP-18670,Nora Paige,2167,5,3908.4,3,4,2,342,Potential Loyalist
KC-16540,Kelly Collister,2206,4,3908.26,3,4,2,342,Potential Loyalist
FC-14335,Fred Chung,2293,7,3889.37,2,2,2,222,Hibernating customers
BS-11380,Bill Stewart,2137,5,3887.83,4,4,2,442,Potential Loyalist
JS-15880,John Stevenson,2643,5,3868.02,1,4,2,142,At Risk
RA-19885,Ruben Ausman,2152,7,3832.31,4,3,2,432,Potential Loyalist
AT-10735,Annie Thurman,2122,10,3831.86,5,1,2,512,New Customers
OT-18730,Olvera Toch,2174,5,3818.62,3,4,2,342,Potential Loyalist
RO-19780,Rose O'Brian,2144,7,3815.48,4,2,2,422,New Customers
MC-17845,Michael Chen,2110,7,3805.71,5,2,2,522,Promising
MM-17920,Michael Moore,2116,11,3794.08,5,1,2,512,New Customers
CA-11965,Carol Adams,2205,6,3789.72,3,3,2,332,Hibernating customers
MG-17650,Matthew Grinstein,2138,7,3785.28,4,2,2,422,New Customers
MD-17350,Maribeth Dona,2226,7,3766.38,2,2,2,222,Hibernating customers
JK-15625,Jim Karlsson,2170,7,3760.03,3,3,2,332,Hibernating customers
JK-16090,Juliana Krohn,2137,3,3747.67,4,5,2,452,Potential Loyalist
FM-14290,Frank Merwin,2145,9,3736.2,4,1,2,412,New Customers
SC-20260,Scott Cohen,2296,8,3729.79,2,2,2,222,Hibernating customers
HG-15025,Hunter Glantz,2115,7,3690.28,5,2,2,522,Promising
BP-11185,Ben Peterman,2110,9,3675.86,5,1,2,512,New Customers
LP-17095,Liz Preis,2118,7,3653.4,5,2,2,522,Promising
CS-12400,Christopher Schild,2111,9,3651.86,5,1,2,512,New Customers
EB-13705,Ed Braxton,2157,9,3644.98,4,1,2,412,New Customers
JP-15520,Jeremy Pistek,2117,7,3635.59,5,2,2,522,Promising
SZ-20035,Sam Zeldin,2144,11,3625.33,4,1,2,412,New Customers
RH-19495,Rick Hansen,2141,5,3621.38,4,4,2,442,Potential Loyalist
TB-21175,Thomas Boland,2167,4,3589.3,3,4,2,342,Potential Loyalist
GM-14440,Gary McGarr,2192,7,3582.82,3,3,2,332,Hibernating customers
DL-13495,Dionis Lloyd,2185,8,3539.32,3,2,2,322,Hibernating customers
ES-14020,Erica Smith,2149,5,3510.46,4,4,2,442,Potential Loyalist
RW-19690,Robert Waldorf,2188,5,3495.65,3,4,2,342,Potential Loyalist
AG-10675,Anna Gayman,2206,7,3489.04,3,2,2,322,Hibernating customers
ED-13885,Emily Ducich,2244,8,3484.92,2,2,2,222,Hibernating customers
PW-19030,Pauline Webber,2155,10,3454.92,4,1,2,412,New Customers
SF-20200,Sarah Foster,2168,9,3422.79,3,1,2,312,About To Sleep
FC-14245,Frank Carlisle,2179,7,3418.74,3,3,2,332,Hibernating customers
SH-19975,Sally Hughsby,2138,13,3406.84,4,1,2,412,New Customers
SG-20080,Sandra Glassco,2117,3,3406.58,5,5,2,552,Potential Loyalist
TS-21655,Trudy Schmidt,2347,5,3368.09,1,4,2,142,At Risk
SC-20020,Sam Craven,2890,5,3362.96,1,4,2,142,At Risk
VP-21760,Victoria Pisteka,2184,7,3360.53,3,3,2,332,Hibernating customers
DJ-13630,Doug Jacobs,2121,3,3356.4,5,5,2,552,Potential Loyalist
DV-13465,Dianna Vittorini,2138,6,3341.59,4,3,2,432,Potential Loyalist
SF-20965,Sylvia Foulston,2157,9,3336.54,4,1,2,412,New Customers
DC-12850,Dan Campbell,2146,9,3336.17,4,1,2,412,New Customers
AP-10915,Arthur Prichep,2207,10,3323.56,3,1,2,312,About To Sleep
DK-13375,Dennis Kane,2128,8,3318.49,5,2,2,522,Promising
KH-16330,Katharine Harms,2149,8,3312.86,4,2,2,422,New Customers
RF-19345,Randy Ferguson,2499,8,3309.15,1,2,2,122,Hibernating customers
RR-19525,Rick Reed,2279,6,3302.26,2,3,2,232,Hibernating customers
BD-11605,Brian Dahlen,2206,7,3288.47,3,2,2,322,Hibernating customers
BS-11665,Brian Stugart,2691,3,3288.11,1,5,2,152,At Risk
RW-19630,Rob Williams,2198,9,3279.75,3,1,2,312,About To Sleep
DL-12925,Daniel Lacy,2166,6,3272.2,3,3,2,332,Hibernating customers
DK-12835,Damala Kotsonis,2130,12,3256.48,5,1,2,512,New Customers
AS-10090,Adam Shillingsburg,2137,9,3255.31,4,1,2,412,New Customers
JO-15145,Jack O'Briant,2166,9,3254.95,3,1,2,312,About To Sleep
AH-10075,Adam Hart,2143,10,3250.34,4,1,2,412,New Customers
HG-14965,Henry Goldwyn,2132,12,3247.64,5,1,2,512,New Customers
LC-16960,Lindsay Castell,2545,4,3246.63,1,5,2,152,At Risk
CT-11995,Carol Triggs,2205,8,3241.9,3,2,2,322,Hibernating customers
EB-13750,Edward Becker,2144,10,3236.31,4,1,2,412,New Customers
SR-20425,Sharelle Roach,2117,5,3233.48,5,3,2,532,Potential Loyalist
LW-16990,Lindsay Williams,2142,6,3230.31,4,3,2,432,Potential Loyalist
RS-19420,Ricardo Sperren,2185,5,3221.29,3,4,2,342,Potential Loyalist
AS-10285,Alejandro Savely,2128,6,3214.24,5,3,2,532,Potential Loyalist
MP-17470,Mark Packer,2828,7,3206.13,1,2,2,122,Hibernating customers
CS-12355,Christine Sundaresam,2115,11,3202.16,5,1,2,512,New Customers
BT-11680,Brian Thompson,2129,7,3196.75,5,2,2,522,Promising
DG-13300,Deirdre Greer,2141,5,3195.82,4,4,2,442,Potential Loyalist
JL-15505,Jeremy Lonsdale,2158,6,3173.87,4,3,2,432,Potential Loyalist
GM-14680,Greg Matthias,2261,6,3163.63,2,3,2,232,Hibernating customers
JM-15250,Janet Martin,2146,6,3159.12,4,3,2,432,Potential Loyalist
CK-12205,Chloris Kastensmidt,2148,13,3154.85,4,1,2,412,New Customers
KB-16240,Karen Bern,2113,7,3152.61,5,2,2,522,Promising
MS-17770,Maxwell Schwartz,2230,9,3144.68,2,1,2,212,Hibernating customers
RD-19900,Ruben Dartt,2223,9,3133.92,2,1,2,212,Hibernating customers
TN-21040,Tanja Norvell,2199,7,3130.22,3,3,2,332,Hibernating customers
SN-20710,Steve Nguyen,2188,7,3127.96,3,3,2,332,Hibernating customers
SG-20605,Speros Goranitis,2217,6,3124.83,2,3,2,232,Hibernating customers
KH-16360,Katherine Hughes,2110,6,3100.61,5,3,2,532,Potential Loyalist
PG-18820,Patrick Gardner,2145,13,3086.91,4,1,2,412,New Customers
EH-14125,Eugene Hildebrand,2261,10,3082.65,2,1,2,212,Hibernating customers
GM-14455,Gary Mitchum,2125,6,3078.62,5,3,2,532,Potential Loyalist
EB-14110,Eugene Barchas,2222,6,3071.13,2,3,2,232,Hibernating customers
MG-18145,Mike Gockenbach,2193,4,3061.54,3,4,2,342,Potential Loyalist
TG-21310,Toby Gnade,2446,5,3058.37,1,4,2,142,At Risk
KT-16465,Kean Takahito,2500,7,3057.1,1,2,2,122,Hibernating customers
SS-20410,Shahid Shariari,2219,6,3056.81,2,3,2,232,Hibernating customers
SL-20155,Sara Luxemburg,2179,7,3053.01,3,3,2,332,Hibernating customers
AS-10045,Aaron Smayling,2197,7,3050.69,3,3,2,332,Hibernating customers
CA-12775,Cynthia Arntzen,2229,7,3041.57,2,2,2,222,Hibernating customers
CS-11950,Carlos Soltero,2134,11,3036.55,5,1,2,512,New Customers
LS-16975,Lindsay Shagiari,2129,9,2988.67,5,1,2,512,New Customers
MH-18025,Michelle Huthwaite,2158,5,2984.95,4,4,2,442,Potential Loyalist
FA-14230,Frank Atkinson,2206,7,2984.05,3,2,2,322,Hibernating customers
DB-13120,David Bremer,2157,7,2973.09,4,3,2,432,Potential Loyalist
NS-18640,Noel Staavos,2283,13,2964.82,2,1,2,212,Hibernating customers
TM-21010,Tamara Manning,2212,8,2955.23,2,2,2,222,Hibernating customers
CK-12325,Christine Kargatis,2229,5,2945.32,2,4,2,242,At Risk
TH-21115,Thea Hudgings,2167,4,2942.77,3,4,2,342,Potential Loyalist
LT-17110,Liz Thompson,2143,8,2936.25,4,2,2,422,New Customers
BC-11125,Becky Castell,2311,9,2933.68,2,1,2,212,Hibernating customers
JK-16120,Julie Kriz,2226,10,2932.48,2,1,2,212,Hibernating customers
SW-20455,Shaun Weien,2271,7,2921.54,2,2,2,222,Hibernating customers
ML-17410,Maris LaWare,2163,6,2921.5,3,3,2,332,Hibernating customers
RD-19585,Rob Dowd,2289,10,2912.89,2,1,2,212,Hibernating customers
CY-12745,Craig Yedwab,2169,8,2900.03,3,2,2,322,Hibernating customers
ND-18460,Neil Ducich,2292,6,2893.46,2,3,2,232,Hibernating customers
MT-17815,Meg Tillman,2158,6,2890.14,4,3,2,432,Potential Loyalist
BF-11020,Barry Franzosisch,2183,8,2888.51,3,2,2,322,Hibernating customers
DS-13180,David Smith,2132,9,2881.81,5,1,2,512,New Customers
PV-18985,Paul Van Hugh,2198,5,2876.05,3,4,2,342,Potential Loyalist
IM-15055,Ionia McGrath,2518,3,2872.63,1,5,2,152,At Risk
CC-12430,Chuck Clark,2109,10,2870.05,5,1,2,512,New Customers
CC-12685,Craig Carroll,2908,4,2854.12,1,5,2,152,At Risk
AW-10930,Arthur Wiediger,2155,7,2852.97,4,3,2,432,Potential Loyalist
EA-14035,Erin Ashbrook,2261,13,2846.71,2,1,2,212,Hibernating customers
LS-16945,Linda Southworth,2287,6,2845.27,2,3,2,232,Hibernating customers
DB-12970,Darren Budd,2350,5,2839.23,1,4,2,142,At Risk
JM-16195,Justin MacKendrick,2166,10,2833.93,3,1,2,312,About To Sleep
CV-12295,Christina VanderZanden,2363,5,2830.63,1,4,2,142,At Risk
TS-21610,Troy Staebel,2164,7,2820.42,3,3,2,332,Hibernating customers
GH-14410,Gary Hansen,2184,9,2819.47,3,1,2,312,About To Sleep
BG-11035,Barry Gonzalez,2137,8,2798.95,4,2,2,422,New Customers
TB-21625,Trudy Brown,2139,9,2797.67,4,1,2,412,New Customers
RD-19660,Robert Dilbeck,2223,5,2786.63,2,4,2,242,At Risk
JC-15775,John Castell,2267,9,2772.06,2,1,2,212,Hibernating customers
PF-19165,Philip Fox,2305,6,2770,2,3,2,232,Hibernating customers
EB-13870,Emily Burns,2209,10,2767.22,3,1,2,312,About To Sleep
CS-12250,Chris Selesnick,2135,12,2754.22,5,1,2,512,New Customers
MM-18055,Michelle Moray,2170,8,2749.88,3,2,2,322,Hibernating customers
KB-16585,Ken Black,2339,12,2744.74,1,1,3,113,Cannot Lose Them
LL-16840,Lauren Leatherbury,2358,6,2741.2,1,3,3,133,At Risk
MC-17275,Marc Crier,2185,8,2725.98,3,2,3,323,Potential Loyalist
JL-15850,John Lucas,2723,6,2725.26,1,3,3,133,At Risk
ML-17395,Marina Lichtenstein,2178,9,2722.84,3,1,3,313,Promising
JK-15370,Jay Kimmel,2153,8,2709.63,4,2,3,423,Potential Loyalist
JE-16165,Justin Ellison,2129,3,2697.25,5,5,3,553,Potential Loyalist
BT-11530,Bradley Talbott,2200,5,2684.49,3,4,3,343,Need Attention
BO-11350,Bill Overfelt,2246,5,2682.73,2,4,3,243,At Risk
FO-14305,Frank Olsen,2147,10,2678.44,4,1,3,413,Promising
NH-18610,Nicole Hansen,2298,7,2673.29,2,2,3,223,Hibernating customers
RB-19435,Richard Bierner,2128,8,2663.09,5,2,3,523,Promising
EJ-14155,Eva Jacobs,2166,5,2656.69,3,4,3,343,Need Attention
DK-13090,Dave Kipp,2151,7,2650.56,4,3,3,433,Potential Loyalist
CA-12265,Christina Anderson,2165,9,2648.29,3,1,3,313,Promising
LC-17140,Logan Currie,2122,9,2633.58,5,1,3,513,Promising
RA-19285,Ralph Arnett,2114,9,2617.91,5,1,3,513,Promising
KN-16390,Katherine Nockton,2128,9,2617.27,5,1,3,513,Promising
SO-20335,Sean O'Donnell,2138,6,2602.58,4,3,3,433,Potential Loyalist
SU-20665,Stephanie Ulpright,2129,7,2595.36,5,2,3,523,Promising
HA-14920,Helen Andreada,2129,8,2584.16,5,2,3,523,Promising
AG-10270,Alejandro Grove,2387,5,2582.9,1,4,3,143,At Risk
LC-16870,Lena Cacioppo,2136,8,2580.7,4,2,3,423,Potential Loyalist
SC-20695,Steve Chapman,2198,10,2576.41,3,1,3,313,Promising
NS-18505,Neola Schneider,2115,4,2575.86,5,5,3,553,Potential Loyalist
BT-11305,Beth Thompson,2445,5,2567.66,1,4,3,143,At Risk
EM-13810,Eleni McCrary,2241,5,2567.01,2,4,3,243,At Risk
MZ-17515,Mary Zewe,2391,6,2564.91,1,3,3,133,At Risk
BS-11755,Bruce Stewart,2110,7,2562.38,5,2,3,523,Promising
DE-13255,Deanra Eno,2828,5,2550.87,1,4,3,143,At Risk
CC-12610,Corey Catlett,2143,7,2540.63,4,2,3,423,Potential Loyalist
AC-10615,Ann Chong,2115,5,2537.69,5,3,3,533,Potential Loyalist
CM-12160,Charles McCrossin,2135,6,2533.31,4,3,3,433,Potential Loyalist
HF-14995,Herbert Flentye,2130,7,2533.16,5,2,3,523,Promising
FM-14380,Fred McMath,2254,9,2523.27,2,1,3,213,About To Sleep
JB-16045,Julia Barnett,2116,5,2518.12,5,3,3,533,Potential Loyalist
JS-16030,Joy Smith,2137,6,2516.49,4,3,3,433,Potential Loyalist
DJ-13510,Don Jones,2157,8,2501.69,4,2,3,423,Potential Loyalist
AH-10465,Amy Hunt,2339,5,2495.39,1,4,3,143,At Risk
PO-18865,Patrick O'Donnell,2109,7,2493.21,5,2,3,523,Promising
NZ-18565,Nick Zandusky,2194,9,2488.31,3,1,3,313,Promising
MN-17935,Michael Nguyen,2143,6,2477.95,4,3,3,433,Potential Loyalist
BP-11290,Beth Paige,2121,7,2475.16,5,2,3,523,Promising
CC-12145,Charles Crestani,2215,7,2471.65,2,2,3,223,Hibernating customers
NC-18340,Nat Carroll,2333,5,2461.4,2,4,3,243,At Risk
FM-14215,Filia McAdams,2116,10,2456.64,5,1,3,513,Promising
MH-17455,Mark Hamilton,2194,8,2456.18,3,2,3,323,Potential Loyalist
BS-11590,Brendan Sweed,2144,6,2454.93,4,3,3,433,Potential Loyalist
VM-21685,Valerie Mitchum,2163,7,2454.87,3,3,3,333,Potential Loyalist
GZ-14545,George Zrebassa,2266,4,2454.62,2,5,3,253,At Risk
MA-17995,Michelle Arnett,2295,6,2453.28,2,3,3,233,Hibernating customers
BP-11095,Bart Pistole,2126,12,2442.04,5,1,3,513,Promising
MC-17590,Matt Collister,2160,6,2426.07,4,3,3,433,Potential Loyalist
TH-21100,Thea Hendricks,2453,5,2422.82,1,4,3,143,At Risk
MH-17290,Marc Harrigan,2228,6,2394.02,2,3,3,233,Hibernating customers
DF-13135,David Flashing,2809,3,2390.53,1,5,3,153,At Risk
XP-21865,Xylona Preis,2152,11,2374.66,4,1,3,413,Promising
CK-12595,Clytie Kelty,2152,11,2372.75,4,1,3,413,Promising
JF-15415,Jennifer Ferguson,2111,6,2371.45,5,3,3,533,Potential Loyalist
CV-12805,Cynthia Voltz,2114,9,2370.31,5,1,3,513,Promising
NR-18550,Nick Radford,2319,5,2367.28,2,4,3,243,At Risk
JG-15115,Jack Garza,2867,3,2358.68,1,5,3,153,At Risk
AG-10495,Andrew Gjertsen,2187,8,2356.86,3,2,3,323,Potential Loyalist
CL-12700,Craig Leslie,2214,5,2353.59,2,4,3,243,At Risk
MG-17680,Maureen Gastineau,2201,4,2350.19,3,4,3,343,Need Attention
RF-19735,Roland Fjeld,2198,7,2341.3,3,3,3,333,Potential Loyalist
EM-13825,Elizabeth Moffitt,2164,8,2339.6,3,2,3,323,Potential Loyalist
DB-13210,Dean Braden,2118,10,2332.58,5,1,3,513,Promising
CM-12235,Chris McAfee,2494,5,2305.71,1,4,3,143,At Risk
MK-17905,Michael Kennedy,2137,8,2302.37,4,2,3,423,Potential Loyalist
LH-16900,Lena Hernandez,2130,9,2295.33,5,1,3,513,Promising
KN-16705,Kristina Nunn,2207,8,2280.58,3,2,3,323,Potential Loyalist
JF-15190,Jamie Frazer,2174,7,2279.59,3,3,3,333,Potential Loyalist
FH-14350,Fred Harton,2321,4,2271.28,2,5,3,253,At Risk
CC-12670,Craig Carreira,2138,7,2269.7,4,2,3,423,Potential Loyalist
BE-11410,Bobby Elias,2207,5,2261.44,3,4,3,343,Need Attention
KM-16225,Kalyca Meade,2123,6,2260.96,5,3,3,533,Potential Loyalist
MC-17605,Matt Connell,2221,8,2258.19,2,2,3,223,Hibernating customers
JH-16180,Justin Hirsh,2513,4,2256.39,1,5,3,153,At Risk
MY-17380,Maribeth Yedwab,2138,7,2254.28,4,2,3,423,Potential Loyalist
KD-16615,Ken Dana,2398,5,2243.51,1,4,3,143,At Risk
TS-21505,Tony Sayre,2120,6,2243.27,5,3,3,533,Potential Loyalist
JG-15310,Jason Gross,2111,6,2240.58,5,3,3,533,Potential Loyalist
LW-16825,Laurel Workman,2197,5,2238.06,3,4,3,343,Need Attention
AR-10405,Allen Rosenblatt,2234,5,2236.13,2,4,3,243,At Risk
GG-14650,Greg Guthrie,2152,9,2224,4,1,3,413,Promising
NC-18415,Nathan Cano,2150,6,2218.99,4,3,3,433,Potential Loyalist
MC-18100,Mick Crebagga,2150,10,2218.98,4,1,3,413,Promising
DP-13105,Dave Poirier,2115,8,2215,5,2,3,523,Promising
PF-19225,Phillip Flathmann,2223,5,2206.13,2,4,3,243,At Risk
MH-17785,Maya Herman,2207,7,2203.78,3,3,3,333,Potential Loyalist
JL-15235,Janet Lee,2228,5,2203.7,2,4,3,243,At Risk
JR-16210,Justin Ritter,2142,5,2201.69,4,4,3,443,Need Attention
EN-13780,Edward Nazzal,2396,4,2199.37,1,5,3,153,At Risk
TB-21280,Toby Braunhardt,2692,6,2198.45,1,3,3,133,At Risk
GW-14605,Giulietta Weimer,2137,7,2189.02,4,2,3,423,Potential Loyalist
BT-11395,Bill Tyler,2411,6,2186.61,1,3,3,133,At Risk
PS-18760,Pamela Stobb,2216,6,2181.48,2,3,3,233,Hibernating customers
SH-20395,Shahid Hopkins,2132,10,2180.72,5,1,3,513,Promising
KN-16450,Kean Nguyen,2161,5,2171.96,4,4,3,443,Need Attention
DB-12910,Daniel Byrd,2130,8,2171.6,5,2,3,523,Promising
RP-19855,Roy Phan,2137,8,2170.72,4,2,3,423,Potential Loyalist
TS-21160,Theresa Swint,2613,6,2163.62,1,3,3,133,At Risk
HA-14905,Helen Abelman,2178,7,2163.3,3,3,3,333,Potential Loyalist
EJ-13720,Ed Jacobs,2411,4,2162.17,1,5,3,153,At Risk
NM-18520,Neoma Murray,2353,10,2161.98,1,1,3,113,Cannot Lose Them
JD-15790,John Dryer,2226,5,2152.35,2,4,3,243,At Risk
CR-12580,Clay Rozendal,2166,4,2148.85,3,4,3,343,Need Attention
DN-13690,Duane Noonan,2326,7,2139.79,2,2,3,223,Hibernating customers
KC-16255,Karen Carlisle,2516,6,2120.95,1,3,3,133,At Risk
SH-20635,Stefanie Holloman,2874,2,2096.39,1,5,3,153,At Risk
LC-17050,Liz Carlisle,2163,5,2095.06,3,4,3,343,Need Attention
RH-19600,Rob Haberlin,2643,3,2085.74,1,5,3,153,At Risk
TG-21640,Trudy Glocke,2223,4,2074.66,2,4,3,243,At Risk
ML-17755,Max Ludwig,2138,7,2071.91,4,2,3,423,Potential Loyalist
RB-19705,Roger Barcio,2163,4,2067.45,3,4,3,343,Need Attention
TS-21430,Tom Stivers,2281,5,2054.14,2,4,3,243,At Risk
AF-10870,Art Ferguson,2150,7,2052.91,4,3,3,433,Potential Loyalist
CD-11920,Carlos Daly,2149,5,2033.97,4,4,3,443,Need Attention
NF-18595,Nicole Fjeld,2223,7,2031.47,2,2,3,223,Hibernating customers
DJ-13420,Denny Joy,2746,4,2012.52,1,5,3,153,At Risk
VB-21745,Victoria Brennan,2163,6,2005.6,3,3,3,333,Potential Loyalist
HP-14815,Harold Pawlan,2139,7,1990.31,4,2,3,423,Potential Loyalist
DB-13615,Doug Bickford,2142,7,1989.05,4,2,3,423,Potential Loyalist
PG-18895,Paul Gonzalez,2166,9,1987.16,3,1,3,313,Promising
NB-18655,Nona Balk,2128,9,1972.6,5,1,3,513,Promising
SW-20275,Scott Williamson,2139,6,1966.65,4,3,3,433,Potential Loyalist
LD-17005,Lisa DeCherney,2523,4,1961.93,1,5,3,153,At Risk
CB-12415,Christy Brittain,2135,8,1949.2,4,2,3,423,Potential Loyalist
TP-21565,Tracy Poddar,2459,4,1936.64,1,5,3,153,At Risk
JO-15280,Jas O'Carroll,2201,6,1934.27,3,3,3,333,Potential Loyalist
JF-15355,Jay Fein,2214,6,1911.84,2,3,3,233,Hibernating customers
ME-17725,Max Engle,2137,8,1908.45,4,2,3,423,Potential Loyalist
SV-20935,Susan Vittorini,2111,8,1903.49,5,2,3,523,Promising
KD-16345,Katherine Ducich,2150,6,1888.96,4,3,3,433,Potential Loyalist
GD-14590,Giulietta Dortch,2114,4,1888.07,5,5,3,553,Potential Loyalist
SG-20470,Sheri Gordon,2292,8,1884.8,2,2,3,223,Hibernating customers
LR-17035,Lisa Ryan,2241,5,1879.31,2,4,3,243,At Risk
SC-20440,Shaun Chance,2145,7,1875,4,3,3,433,Potential Loyalist
BG-11695,Brooke Gillingham,2145,6,1874.17,4,3,3,433,Potential Loyalist
SP-20650,Stephanie Phelps,2495,9,1872.44,1,1,3,113,Cannot Lose Them
NG-18355,Nat Gilpin,2157,5,1869.58,4,4,3,443,Need Attention
CD-12790,Cynthia Delaney,2508,5,1860.73,1,4,3,143,At Risk
SN-20560,Skye Norling,2220,6,1860.42,2,3,3,233,Hibernating customers
PR-18880,Patrick Ryan,2145,5,1840.18,4,4,3,443,Need Attention
AJ-10945,Ashley Jarboe,2194,7,1839.24,3,3,3,333,Potential Loyalist
PC-18745,Pamela Coakley,2111,4,1832.06,5,5,3,553,Potential Loyalist
EG-13900,Emily Grady,2131,5,1832.02,5,4,3,543,Loyal
PJ-19015,Pauline Johnson,2243,7,1824.23,2,2,3,223,Hibernating customers
NC-18625,Noah Childs,2313,5,1821.74,2,4,3,243,At Risk
JM-15265,Janet Molinari,2146,5,1804.15,4,4,3,443,Need Attention
JB-15400,Jennifer Braxton,2116,10,1791.6,5,1,3,513,Promising
AA-10480,Andrew Allen,2368,4,1790.51,1,5,3,153,At Risk
CC-12100,Chad Cunningham,2566,6,1770.95,1,3,3,133,At Risk
DS-13030,Darrin Sayre,2202,4,1762.21,3,4,3,343,Need Attention
MF-18250,Monica Federle,2116,5,1758.3,5,3,3,533,Potential Loyalist
AH-10030,Aaron Hawkins,2121,7,1744.7,5,2,3,523,Promising
LH-17155,Logan Haushalter,2494,9,1739.69,1,1,3,113,Cannot Lose Them
BW-11200,Ben Wallace,2312,6,1738.41,2,3,3,233,Hibernating customers
VT-21700,Valerie Takahito,3109,2,1736.6,1,5,4,154,Cannot Lose Them
AH-10120,Adrian Hane,2169,7,1735.51,3,3,4,334,Need Attention
MV-18190,Mike Vittorini,2128,7,1734.57,5,2,4,524,Promising
JM-15535,Jessica Myrick,2211,7,1733.44,3,2,4,324,Need Attention
BE-11455,Brad Eason,2363,6,1727.65,1,3,4,134,At Risk
DB-13405,Denny Blanton,2296,4,1711.69,2,5,4,254,At Risk
JP-16135,Julie Prescott,2211,9,1707.71,3,1,4,314,Promising
TZ-21580,Tracy Zic,2144,4,1707.29,4,5,4,454,Champions
BP-11155,Becky Pak,2198,6,1697.86,3,3,4,334,Need Attention
DK-12985,Darren Koutras,2116,5,1687.04,5,3,4,534,Need Attention
MO-17800,Meg O'Connel,2213,8,1687.03,2,2,4,224,At Risk
RA-19945,Ryan Akin,2170,5,1686.92,3,4,4,344,Loyal
KE-16420,Katrina Edelman,2135,8,1686.73,5,2,4,524,Promising
CA-12055,Cathy Armstrong,2510,5,1679.72,1,4,4,144,Cannot Lose Them
CM-11815,Candace McMahon,2240,6,1673.89,2,3,4,234,At Risk
JP-15460,Jennifer Patt,2146,7,1669.14,4,3,4,434,Need Attention
CM-12115,Chad McGuire,2117,4,1661.61,5,5,4,554,Champions
CC-12475,Cindy Chapman,2148,9,1659.44,4,1,4,414,Promising
EB-13975,Erica Bern,2109,4,1643.26,5,5,4,554,Champions
AP-10720,Anne Pryor,2150,8,1638.55,4,2,4,424,Promising
AZ-10750,Annie Zypern,2269,6,1622.02,2,3,4,234,At Risk
MS-17710,Maurice Satty,2522,6,1613.4,1,3,4,134,At Risk
TB-21250,Tim Brockman,2458,7,1602.38,1,2,4,124,At Risk
CR-12730,Craig Reiter,2187,4,1600.55,3,4,4,344,Loyal
AH-10195,Alan Haines,2164,4,1587.45,3,4,4,344,Loyal
BF-11215,Benjamin Farhat,2174,4,1585.16,3,4,4,344,Loyal
CK-12760,Cyma Kinney,2191,9,1582.11,3,1,4,314,Promising
MC-18130,Mike Caudle,2478,5,1582,1,4,4,144,Cannot Lose Them
JL-15175,James Lanier,2115,5,1571.52,5,3,4,534,Need Attention
KB-16315,Karl Braun,2405,9,1569.46,1,1,4,114,Cannot Lose Them
GB-14530,George Bell,2171,11,1568.44,3,1,4,314,Promising
ON-18715,Odella Nelson,2519,9,1567.52,1,1,4,114,Cannot Lose Them
MV-17485,Mark Van Huff,2136,9,1560.05,4,1,4,414,Promising
MB-17305,Maria Bertelson,2157,10,1548.7,4,1,4,414,Promising
BD-11620,Brian DeCherney,2178,6,1538.11,3,3,4,334,Need Attention
CH-12070,Cathy Hwang,2800,3,1537.24,1,5,4,154,Cannot Lose Them
BD-11725,Bruce Degenhardt,2202,6,1526.5,3,3,4,334,Need Attention
BV-11245,Benjamin Venier,2443,5,1523.27,1,4,4,144,Cannot Lose Them
KA-16525,Kelly Andreada,2145,7,1519.51,4,3,4,434,Need Attention
AB-10600,Ann Blume,2159,4,1515.86,4,4,4,444,Loyal
JG-15805,John Grady,2332,6,1507.02,2,3,4,234,At Risk
DL-12865,Dan Lawera,2209,8,1503.11,3,2,4,324,Need Attention
ZD-21925,Zuschuss Donatelli,2311,5,1493.94,2,4,4,244,At Risk
CM-12190,Charlotte Melton,2117,6,1475.14,5,3,4,534,Need Attention
LE-16810,Laurel Elliston,2130,6,1469.45,5,3,4,534,Need Attention
TB-21055,Ted Butterfield,2228,5,1467.88,2,4,4,244,At Risk
PN-18775,Parhena Norris,2139,8,1467.15,4,2,4,424,Promising
RK-19300,Ralph Kennedy,2228,3,1460.19,2,5,4,254,At Risk
BN-11515,Bradley Nguyen,2118,5,1459.34,5,3,4,534,Need Attention
DL-13315,Delfina Latchford,2131,8,1458.26,5,2,4,524,Promising
PB-19150,Philip Brown,2206,8,1456.95,3,2,4,324,Need Attention
AG-10525,Andy Gerbode,2954,4,1455.04,1,5,4,154,Cannot Lose Them
RM-19375,Raymond Messe,2454,6,1453.47,1,3,4,134,At Risk
PK-18910,Paul Knutson,2592,2,1441.15,1,5,4,154,Cannot Lose Them
TD-20995,Tamara Dahlen,2146,9,1434.55,4,1,4,414,Promising
JW-16075,Julia West,2570,4,1428.73,1,5,4,154,Cannot Lose Them
MB-18085,Mick Brown,2153,7,1428.23,4,3,4,434,Need Attention
TT-21220,Thomas Thornton,2292,8,1427.04,2,2,4,224,At Risk
CA-12310,Christine Abelman,2122,4,1421.95,5,5,4,554,Champions
RD-19720,Roger Demir,2130,10,1419.74,5,1,4,514,Promising
NL-18310,Nancy Lomonaco,2167,4,1418.09,3,4,4,344,Loyal
JS-15595,Jill Stevenson,2228,4,1417.65,2,5,4,254,At Risk
PM-18940,Paul MacIntyre,2495,3,1405.4,1,5,4,154,Cannot Lose Them
GA-14725,Guy Armstrong,2114,11,1398.38,5,1,4,514,Promising
CR-12820,Cyra Reiten,2194,3,1397.87,3,5,4,354,Loyal
NG-18430,Nathan Gelder,2157,5,1395.94,4,4,4,444,Loyal
JE-15475,Jeremy Ellison,2302,6,1388.68,2,3,4,234,At Risk
TB-21595,Troy Blackwell,2394,5,1387.56,1,4,4,144,Cannot Lose Them
FG-14260,Frank Gastineau,2143,7,1383.14,4,2,4,424,Promising
DM-13525,Don Miller,2590,3,1376.79,1,5,4,154,Cannot Lose Them
GH-14485,Gene Hale,2496,2,1361.24,1,5,4,154,Cannot Lose Them
SB-20170,Sarah Bern,2310,3,1348.02,2,5,4,254,At Risk
LM-17065,Liz MacKendrick,2500,5,1346.77,1,4,4,144,Cannot Lose Them
MG-17695,Maureen Gnade,2664,3,1342.28,1,5,4,154,Cannot Lose Them
SJ-20215,Sarah Jordon,2138,6,1341.04,4,3,4,434,Need Attention
BM-11785,Bryan Mills,2327,10,1338.84,2,1,4,214,Cannot Lose Them
BF-11005,Barry Franz,2148,4,1333.88,4,4,4,444,Loyal
SS-20140,Saphhira Shifley,2124,8,1324.03,5,2,4,524,Promising
DM-12955,Dario Medina,2223,7,1322.03,2,2,4,224,At Risk
MT-18070,Michelle Tran,2312,4,1319.45,2,5,4,254,At Risk
SJ-20500,Shirley Jackson,2362,5,1318.78,1,4,4,144,Cannot Lose Them
MM-17260,Magdelene Morse,2277,4,1314.02,2,5,4,254,At Risk
SP-20545,Sibella Parks,2436,6,1306.09,1,3,4,134,At Risk
MC-17575,Matt Collins,2136,8,1303.89,4,2,4,424,Promising
EK-13795,Eileen Kiefer,2153,4,1303.48,4,4,4,444,Loyal
Co-12640,Corey-Lock,2658,5,1300.08,1,4,4,144,Cannot Lose Them
DO-13435,Denny Ordway,2242,9,1300.03,2,1,4,214,Cannot Lose Them
HR-14770,Hallie Redmond,2122,5,1299.29,5,4,4,544,Champions
GR-14560,Georgia Rosenberg,3244,2,1284.38,1,5,4,154,Cannot Lose Them
CS-11845,Cari Sayre,2200,5,1278.95,3,4,4,344,Loyal
PS-18970,Paul Stevenson,2178,8,1278.64,3,2,4,324,Need Attention
SV-20815,Stuart Van,2185,4,1271.09,3,4,4,344,Loyal
DO-13645,Doug O'Connell,2135,7,1267.32,5,2,4,524,Promising
CL-11890,Carl Ludwig,2215,4,1262.01,2,4,4,244,At Risk
LW-17125,Liz Willingham,2314,3,1259.04,2,5,4,254,At Risk
ME-18010,Michelle Ellison,2201,4,1256.94,3,4,4,344,Loyal
GM-14500,Gene McClure,2215,10,1255.68,2,1,4,214,Cannot Lose Them
SC-20680,Steve Carroll,2235,6,1254.64,2,3,4,234,At Risk
MH-17620,Matt Hagelstein,2264,4,1252.8,2,5,4,254,At Risk
ER-13855,Elpida Rittenbach,2530,3,1245.79,1,5,4,154,Cannot Lose Them
TC-21475,Tony Chapman,2262,9,1244.98,2,1,4,214,Cannot Lose Them
JW-15955,Joni Wasserman,2114,7,1244.09,5,2,4,524,Promising
MG-17875,Michael Grace,2225,5,1242.83,2,4,4,244,At Risk
NP-18685,Nora Pelletier,2515,6,1228.7,1,3,4,134,At Risk
PJ-18835,Patrick Jones,2148,8,1220.09,4,2,4,424,Promising
EH-14005,Erica Hernandez,2111,7,1219.53,5,2,4,524,Promising
JL-15130,Jack Lebron,2117,6,1214.96,5,3,4,534,Need Attention
CD-12280,Christina DeMoss,2151,2,1205.58,4,5,4,454,Champions
MD-17860,Michael Dominguez,2145,5,1204.91,4,4,4,444,Loyal
DW-13585,Dorothy Wardle,2351,7,1204.85,1,2,4,124,At Risk
EB-14170,Evan Bailliet,2191,6,1186.33,3,3,4,334,Need Attention
BP-11230,Benjamin Patterson,2148,5,1181.49,4,4,4,444,Loyal
DC-13285,Debra Catini,2132,5,1174.62,5,4,4,544,Champions
AT-10435,Alyssa Tate,2130,6,1171.81,5,3,4,534,Need Attention
JR-15670,Jim Radford,2702,2,1156.66,1,5,4,154,Cannot Lose Them
DB-13660,Duane Benoit,2121,7,1155.2,5,2,4,524,Promising
CG-12520,Claire Gute,2447,3,1148.78,1,5,4,154,Cannot Lose Them
KC-16675,Kimberly Carter,2166,4,1146.05,3,4,4,344,Loyal
RD-19810,Ross DeVincentis,2123,8,1137.62,5,2,4,524,Promising
CW-11905,Carl Weiss,2131,6,1136.59,5,3,4,534,Need Attention
JS-15685,Jim Sink,2151,4,1131.06,4,4,4,444,Loyal
DV-13045,Darrin Van Huff,2128,5,1119.48,5,4,4,544,Champions
AB-10165,Alan Barnes,2134,8,1113.84,5,2,4,524,Promising
TM-21490,Tony Molinari,2239,3,1094.68,2,5,4,254,At Risk
JO-15550,Jesus Ocampo,2324,5,1090.84,2,4,4,244,At Risk
SW-20245,Scot Wooten,2190,7,1085.08,3,3,4,334,Need Attention
JF-15490,Jeremy Farry,2230,11,1082.92,2,1,4,214,Cannot Lose Them
DB-13360,Dennis Bolton,2373,5,1081.47,1,4,4,144,Cannot Lose Them
DW-13195,David Wiener,2178,6,1080.75,3,3,4,334,Need Attention
CS-12490,Cindy Schnelling,2533,4,1077.23,1,5,4,154,Cannot Lose Them
PC-19000,Pauline Chand,2991,2,1061.49,1,5,4,154,Cannot Lose Them
DP-13165,David Philippe,2921,2,1058.62,1,5,4,154,Cannot Lose Them
JC-15385,Jenna Caffey,2284,1,1058.11,2,5,4,254,At Risk
PO-19195,Phillina Ober,2195,5,1056.86,3,4,4,344,Loyal
AA-10375,Allen Armold,2128,9,1056.39,5,1,4,514,Promising
VS-21820,Vivek Sundaresam,2330,4,1055.98,2,5,4,254,At Risk
AR-10345,Alex Russell,2220,4,1055.69,2,4,4,244,At Risk
DP-13000,Darren Powers,2235,9,1050.64,2,1,4,214,Cannot Lose Them
DH-13675,Duane Huffman,2885,4,1043.1,1,5,4,154,Cannot Lose Them
SM-20905,Susan MacKendrick,2715,1,1043.04,1,5,4,154,Cannot Lose Them
EM-14095,Eudokia Martin,2222,4,1041.04,2,4,4,244,At Risk
TC-21145,Theresa Coyne,2215,1,1038.26,2,5,4,254,At Risk
MK-18160,Mike Kennedy,2349,4,1031.6,1,5,4,154,Cannot Lose Them
TH-21235,Tiffany House,2226,8,1022.2,2,2,4,224,At Risk
SW-20350,Sean Wendt,2271,3,1019.04,2,5,4,254,At Risk
LS-17200,Luke Schmidt,2205,6,1010.26,3,3,4,334,Need Attention
RB-19330,Randy Bradley,2177,2,1008.2,3,5,4,354,Loyal
LS-17245,Lynn Smith,2143,6,1008.14,4,3,4,434,Need Attention
BG-11740,Bruce Geld,2166,6,1006.36,3,3,4,334,Need Attention
VP-21730,Victor Preis,2139,3,993.9,4,5,4,454,Champions
KB-16600,Ken Brennan,2110,7,983.92,5,2,4,524,Promising
BP-11050,Barry Pond,2192,5,983.42,3,4,4,344,Loyal
TS-21340,Toby Swindell,2335,5,974.78,1,4,4,144,Cannot Lose Them
RD-19930,Russell D'Ascenzo,2151,4,970.94,4,4,4,444,Loyal
AB-10150,Aimee Bixby,2150,5,966.71,4,4,4,444,Loyal
RC-19825,Roy Collins,2478,6,966.41,1,3,4,134,At Risk
SS-20875,Sung Shariari,2229,5,964.64,2,4,4,244,At Risk
JH-15910,Jonathan Howell,2150,7,959.48,4,3,4,434,Need Attention
JF-15295,Jason Fortune-,2334,5,955.12,1,4,5,145,At Risk
RP-19270,Rachel Payne,2605,4,954.65,1,5,5,155,Cannot Lose Them
BS-11800,Bryan Spruell,2374,2,949.43,1,5,5,155,Cannot Lose Them
RF-19840,Roy Franzosisch,2115,8,945.22,5,2,5,525,Promising
EB-13930,Eric Barreto,2270,5,944.6,2,4,5,245,At Risk
MF-17665,Maureen Fritzler,2530,5,937.04,1,4,5,145,At Risk
EM-13960,Eric Murdock,2260,5,933.7,2,4,5,245,At Risk
AC-10420,Alyssa Crouse,2341,3,925.8,1,5,5,155,Cannot Lose Them
EH-14185,Evan Henry,2214,6,923.88,2,3,5,235,At Risk
MO-17500,Mary O'Rourke,2181,4,922.49,3,4,5,345,Loyal
AB-10255,Alejandro Ballentine,2275,9,914.53,2,1,5,215,Cannot Lose Them
KB-16405,Katrina Bavinger,2226,3,908.82,2,5,5,255,At Risk
CG-12040,Catherine Glotzbach,2158,6,904.47,4,3,5,435,Loyal
SC-20575,Sonia Cooley,2201,5,902.73,3,4,5,345,Loyal
JB-15925,Joni Blumstein,2846,3,900.55,1,5,5,155,Cannot Lose Them
HZ-14950,Henia Zydlo,2144,5,886.52,4,4,5,445,Champions
AB-10015,Aaron Bergman,2524,3,886.16,1,5,5,155,Cannot Lose Them
RC-19960,Ryan Crowe,2219,6,885.75,2,3,5,235,At Risk
CS-12130,Chad Sievert,2598,4,884.64,1,5,5,155,Cannot Lose Them
HE-14800,Harold Engle,2121,4,883.53,5,5,5,555,Champions
SK-19990,Sally Knutson,2117,3,883.41,5,5,5,555,Champions
RE-19450,Richard Eichhorn,2411,5,876.7,1,4,5,145,At Risk
JM-15655,Jim Mitchum,2117,5,864.95,5,3,5,535,Need Attention
JR-15700,Jocasta Rupert,2177,1,863.88,3,5,5,355,Loyal
AF-10885,Art Foster,2524,4,861.57,1,5,5,155,Cannot Lose Them
JC-16105,Julie Creighton,2166,5,858.58,3,4,5,345,Loyal
MS-17980,Michael Stewart,2135,6,855.12,4,3,5,435,Loyal
VF-21715,Vicky Freymann,2122,5,847.94,5,4,5,545,Champions
VG-21790,Vivek Gonzalez,2263,6,846.01,2,3,5,235,At Risk
CS-12175,Charles Sheldon,2341,5,844.46,1,4,5,145,At Risk
TB-21355,Todd Boyes,2255,5,834.33,2,4,5,245,At Risk
AS-10630,Ann Steele,2201,7,833.4,3,2,5,325,Need Attention
EH-13990,Erica Hackney,2514,6,825.95,1,3,5,135,At Risk
TB-21190,Thomas Brumley,2158,4,816.17,4,4,5,445,Champions
AM-10360,Alice McCarthy,2137,5,814.01,4,4,5,445,Champions
BM-11575,Brendan Murry,2209,6,808.16,3,3,5,335,Loyal
DK-13150,David Kendrick,2119,2,797.83,5,5,5,555,Champions
MC-17635,Matthew Clasen,2298,4,795.15,2,5,5,255,At Risk
BF-11275,Beth Fritzler,2166,3,791.99,3,5,5,355,Loyal
HG-14845,Harry Greene,2163,5,785.63,3,4,5,345,Loyal
MG-17890,Michael Granlund,2208,9,776.38,3,1,5,315,Promising
MM-18280,Muhammed MacIntyre,2194,9,775.41,3,1,5,315,Promising
SF-20065,Sandra Flanagan,2168,7,763.55,3,3,5,335,Loyal
SW-20755,Steven Ward,2643,2,758.7,1,5,5,155,Cannot Lose Them
LP-17080,Liz Pelletier,2149,4,756.61,4,4,5,445,Champions
Dl-13600,Dorris liebe,2228,5,755.6,2,4,5,245,At Risk
IG-15085,Ivan Gibson,2180,4,744.57,3,4,5,345,Loyal
BB-10990,Barry Blumstein,2214,5,744.34,2,4,5,245,At Risk
TC-21535,Tracy Collins,2113,7,742.56,5,2,5,525,Promising
ML-18040,Michelle Lonsdale,2188,3,742.08,3,5,5,355,Loyal
RH-19555,Ritsa Hightower,2628,2,740.38,1,5,5,155,Cannot Lose Them
PB-18805,Patrick Bzostek,2134,3,740.36,5,5,5,555,Champions
AH-10585,Angele Hood,2130,4,738.5,5,5,5,555,Champions
HM-14980,Henry MacAllister,2356,4,736.28,1,5,5,155,Cannot Lose Them
PH-18790,Patricia Hirasaki,2179,1,729.65,3,5,5,355,Loyal
PA-19060,Pete Armstrong,2212,6,729.41,2,3,5,235,At Risk
JJ-15445,Jennifer Jackson,2592,5,709.18,1,4,5,145,At Risk
JD-16060,Julia Dunbar,2409,3,695.44,1,5,5,155,Cannot Lose Them
PB-19105,Peter Buhler,2166,4,688.32,3,4,5,345,Loyal
EH-13945,Eric Hoffmann,2326,8,684.17,2,2,5,225,At Risk
TR-21325,Toby Ritter,2302,5,675.94,2,4,5,245,At Risk
AG-10330,Alex Grayson,2117,5,660.97,5,3,5,535,Need Attention
BK-11260,Berenike Kampe,2186,6,659.14,3,3,5,335,Loyal
BD-11770,Bryan Davis,2436,6,658.47,1,3,5,135,At Risk
AC-10660,Anna Chung,2391,5,657.32,1,4,5,145,At Risk
AW-10840,Anthony Witt,2129,4,649.38,5,5,5,555,Champions
LO-17170,Lori Olson,2111,5,644.35,5,3,5,535,Need Attention
JB-16000,Joy Bell-,2152,7,644.12,4,3,5,435,Loyal
CD-11980,Carol Darley,2163,3,639.77,3,5,5,355,Loyal
MR-17545,Mathew Reese,2234,4,639.18,2,5,5,255,At Risk
AJ-10960,Astrea Jones,2183,3,629.25,3,5,5,355,Loyal
RR-19315,Ralph Ritter,2128,2,615.93,5,5,5,555,Champions
SS-20515,Shirley Schmidt,2600,3,613.4,1,5,5,155,Cannot Lose Them
BT-11440,Bobby Trafton,2669,4,603.88,1,5,5,155,Cannot Lose Them
BF-10975,Barbara Fisher,2200,7,599.8,3,2,5,325,Need Attention
MZ-17335,Maria Zettner,2139,4,593.61,4,5,5,455,Champions
DL-13330,Denise Leinenbach,2166,4,585.02,3,4,5,345,Loyal
AS-10240,Alan Shonely,2301,7,584.61,2,2,5,225,At Risk
BD-11635,Brian Derr,2118,3,582.65,5,5,5,555,Champions
NK-18490,Neil Knudson,2179,7,572.05,3,3,5,335,Loyal
CM-11935,Carlos Meador,2817,2,565.39,1,5,5,155,Cannot Lose Them
CS-12460,Chuck Sachs,2136,2,550.64,4,5,5,455,Champions
CS-11860,Cari Schnelling,2271,6,537.63,2,3,5,235,At Risk
JH-15820,John Huston,2283,6,528.91,2,3,5,235,At Risk
RB-19570,Rob Beeghly,2134,5,528.55,5,4,5,545,Champions
AY-10555,Andy Yotov,2123,4,497.01,5,5,5,555,Champions
CR-12625,Corey Roper,2579,3,475.9,1,5,5,155,Cannot Lose Them
MS-17530,MaryBeth Skach,2543,4,475.66,1,5,5,155,Cannot Lose Them
JS-15940,Joni Sundaresam,2572,5,469.17,1,4,5,145,At Risk
EC-14050,Erin Creighton,2162,5,461.91,3,4,5,345,Loyal
KM-16660,Khloe Miller,2124,5,453.54,5,4,5,545,Champions
KW-16570,Kelly Williams,2880,4,449.1,1,5,5,155,Cannot Lose Them
TT-21265,Tim Taslimi,2515,3,439.5,1,5,5,155,Cannot Lose Them
ST-20530,Shui Tom,2234,7,433.34,2,2,5,225,At Risk
VG-21805,Vivek Grady,2395,5,427.37,1,4,5,145,At Risk
SS-20590,Sonia Sunley,2541,6,418.49,1,3,5,135,At Risk
BT-11485,Brad Thomas,2768,2,415.2,1,5,5,155,Cannot Lose Them
MH-17440,Mark Haberlin,2485,4,400.02,1,5,5,155,Cannot Lose Them
BW-11065,Barry Weirich,2321,3,385.52,2,5,5,255,At Risk
JD-16015,Joy Daniels,2221,6,385.43,2,3,5,235,At Risk
JK-15325,Jason Klamczynski,2396,3,383.81,1,5,5,155,Cannot Lose Them
VM-21835,Vivian Mathis,2226,5,380.69,2,4,5,245,At Risk
NF-18475,Neil Franzosisch,2634,4,377.16,1,5,5,155,Cannot Lose Them
MS-17830,Melanie Seite,2561,4,370.35,1,5,5,155,Cannot Lose Them
LS-17230,Lycoris Saunders,2886,3,368.88,1,5,5,155,Cannot Lose Them
AG-10300,Aleksandra Gannaway,2227,4,367.55,2,5,5,255,At Risk
EM-14200,Evan Minnotte,2267,3,366.82,2,5,5,255,At Risk
HJ-14875,Heather Jas,2235,5,358.1,2,4,5,245,At Risk
DW-13540,Don Weiss,2207,5,344.08,3,4,5,345,Loyal
LT-16765,Larry Tron,2135,3,329.88,5,5,5,555,Champions
BD-11560,Brendan Dodson,2387,2,320.54,1,5,5,155,Cannot Lose Them
LH-17020,Lisa Hazard,2348,4,318.24,1,5,5,155,Cannot Lose Them
JH-15430,Jennifer Halladay,2114,4,309.28,5,5,5,555,Champions
JM-15580,Jill Matthias,2109,5,303.95,5,3,5,535,Need Attention
CM-12445,Chuck Magee,2545,3,287.99,1,5,5,155,Cannot Lose Them
LH-16750,Larry Hughes,2260,3,287.43,2,5,5,255,At Risk
SC-20845,Sung Chung,2240,2,280.63,2,5,5,255,At Risk
SC-20800,Stuart Calhoun,2139,4,279.26,4,5,5,455,Champions
NB-18580,Nicole Brennan,3274,2,273.87,1,5,5,155,Cannot Lose Them
BF-11080,Bart Folk,2134,3,272.95,5,5,5,555,Champions
DD-13570,Dorothy Dickinson,2150,6,269.54,4,3,5,435,Loyal
BN-11470,Brad Norvell,2133,4,265.3,5,5,5,555,Champions
AR-10510,Andrew Roberts,2123,5,264.86,5,4,5,545,Champions
HD-14785,Harold Dahlen,2878,3,251.36,1,5,5,155,Cannot Lose Them
SM-20005,Sally Matthias,2530,4,244.49,1,5,5,155,Cannot Lose Them
PL-18925,Paul Lucas,2124,5,239.48,5,4,5,545,Champions
GP-14740,Guy Phonely,2874,2,236.53,1,5,5,155,Cannot Lose Them
EM-14065,Erin Mull,2156,4,228.99,4,4,5,445,Champions
GT-14755,Guy Thornton,2143,4,226.44,4,5,5,455,Champions
RB-19645,Robert Barroso,2757,5,221.08,1,4,5,145,At Risk
HH-15010,Hilary Holden,2181,2,218.67,3,5,5,355,Loyal
AG-10390,Allen Goldenen,2223,5,200.94,2,4,5,245,At Risk
JJ-15760,Joel Jenkins,2862,2,195,1,5,5,155,Cannot Lose Them
AG-10765,Anthony Garverick,2186,4,170.58,3,4,5,345,Loyal
ML-18265,Muhammed Lee,2209,2,162.23,3,5,5,355,Loyal
AO-10810,Anthony O'Donnell,2610,1,161.28,1,5,5,155,Cannot Lose Them
PT-19090,Pete Takahito,2180,4,160.57,3,4,5,345,Loyal
DA-13450,Dianna Arnett,2461,4,156.76,1,5,5,155,Cannot Lose Them
MO-17950,Michael Oakman,2289,2,154.29,2,5,5,255,At Risk
GH-14665,Greg Hansen,2111,2,146.94,5,5,5,555,Champions
PB-19210,Phillip Breyer,2797,2,132.74,1,5,5,155,Cannot Lose Them
BO-11425,Bobby Odegard,2184,2,130.83,3,5,5,355,Loyal
EL-13735,Ed Ludwig,2186,2,124.28,3,5,5,355,Loyal
CC-12550,Clay Cheatham,2136,3,113.83,4,5,5,455,Champions
RM-19750,Roland Murray,2408,1,98.35,1,5,5,155,Cannot Lose Them
KS-16300,Karen Seio,2404,3,88.47,1,5,5,155,Cannot Lose Them
AR-10570,Anemone Ratner,2643,1,88.15,1,5,5,155,Cannot Lose Them
FW-14395,Fred Wasserman,2471,3,79.75,1,5,5,155,Cannot Lose Them
JC-15340,Jasper Cacioppo,2223,4,71.26,2,5,5,255,At Risk
AS-10135,Adrian Shami,2150,2,58.82,4,5,5,455,Champions
LB-16735,Larry Blacks,2157,3,50.19,4,5,5,455,Champions
RE-19405,Ricardo Emerson,3206,1,48.36,1,5,5,155,Cannot Lose Them
SG-20890,Susan Gilcrest,2335,3,47.95,1,5,5,155,Cannot Lose Them
RS-19870,Roy Skaria,2128,2,22.33,5,5,5,555,Champions
MG-18205,Mitch Gastineau,2373,1,16.74,1,5,5,155,Cannot Lose Them
CJ-11875,Carl Jackson,2474,1,16.52,1,5,5,155,Cannot Lose Them
LD-16855,Lela Donovan,2661,1,5.3,1,5,5,155,Cannot Lose Them
TS-21085,Thais Sissman,2466,2,4.83,1,5,5,155,Cannot Lose Them
